time,Q_target,Q_actual,Q_sto,P_plant,ti_plant,T_ff_sys,T_rf_sys,T_ff_sto,T_rf_sto,v_sto,pp_err
2030-05-01 00:00:00,1000000.0,999999.9999999993,999999.9999999993,0,0,66.68,50.93,63.68000000000683,13.0,0.004808853870506328,False
2030-05-02 00:00:00,1000000.0,999999.9999999994,999999.9999999994,0,0,66.42,51.26,63.42000000000536,13.0,0.004832995567757869,False
2030-05-03 00:00:00,1000000.0,999999.9999999995,999999.9999999995,0,0,65.4,50.41,62.39999999998889,13.0,0.004930175230326935,False
2030-05-04 00:00:00,750000.0,749999.9999999994,749999.9999999994,0,0,65.08,50.32,62.08000000000021,13.0,0.003721122044504247,False
2030-05-05 00:00:00,708333.0,708332.9999999994,708332.9999999994,0,0,66.69,50.73,63.69000000000466,13.0,0.003405612469238088,False
2030-05-06 00:00:00,1000000.0,999999.9999999994,999999.9999999994,0,0,67.44,50.99,64.44000000000784,13.0,0.004739694170521612,False
2030-05-07 00:00:00,1000000.0,999999.9999999992,999999.9999999992,0,0,67.03,51.04,64.03000000000202,13.0,0.004776746423849337,False
2030-05-08 00:00:00,1000000.0,999999.9999999998,999999.9999999998,0,0,66.22,50.76,63.2200000000027,13.0,0.004851737306303569,False
2030-05-09 00:00:00,791667.0,791666.9999999994,791666.9999999994,0,0,64.6,49.73,61.60000000000139,13.0,0.003965668138259229,False
2030-05-10 00:00:00,750000.0,749999.9999999995,749999.9999999995,0,0,64.89,49.55,61.889999999998224,13.0,0.0037352179952397846,False
2030-05-11 00:00:00,916667.0,916666.9999999994,916666.9999999994,0,0,64.93,49.82,61.93000000000177,13.0,0.004561632571596762,False
2030-05-12 00:00:00,750000.0,749999.9999999993,749999.9999999993,0,0,63.73,50.13,60.73000000000718,13.0,0.003823726482335551,False
2030-05-13 00:00:00,666667.0,666666.9999999995,666666.9999999995,0,0,65.39,50.77,62.390000000022724,13.0,0.003287429852589485,False
2030-05-14 00:00:00,875000.0,874999.9999999995,874999.9999999995,0,0,65.57,50.73,62.569999999999254,13.0,0.004299484683466372,False
2030-05-15 00:00:00,1000000.0,999999.9999999998,999999.9999999998,0,0,63.85,49.71,60.85000000000633,13.0,0.005085832042004774,False
2030-05-16 00:00:00,916667.0,916667.0000000001,916667.0000000001,0,0,62.33,48.44,59.33000000000288,13.0,0.004811264202023136,False
2030-05-17 00:00:00,875000.0,875000.0000000001,875000.0000000001,0,0,60.87,47.68,57.87000000000796,13.0,0.004738551389373511,False
2030-05-18 00:00:00,958333.0,958332.9999999999,958332.9999999999,0,0,62.14,47.7,59.13999999999828,13.0,0.005050186858097101,False
2030-05-19 00:00:00,625000.0,624999.9999999997,624999.9999999997,0,0,63.0,48.61,59.9999999999996,13.0,0.0032347311353249798,False
2030-05-20 00:00:00,833333.0,833332.9999999999,833332.9999999999,0,0,62.0,48.44,59.00000000000131,13.0,0.0044045205156004255,False
2030-05-21 00:00:00,875000.0,875000.0,875000.0,0,0,61.48,47.99,58.479999999999336,13.0,0.004676412233496089,False
2030-05-22 00:00:00,265789.0,0,0,0,0,60.53,46.94,0,13.0,0,False
2030-05-23 00:00:00,329925.0,329925.00000000006,329925.00000000006,0,0,61.4,46.62,58.400000000004184,13.0,0.0017663082808140843,False
2030-05-24 00:00:00,723576.0,723576.0,723576.0,0,0,61.65,46.6,58.64999999999884,13.0,0.003853053997234334,False
2030-05-25 00:00:00,416667.0,416667.0000000001,416667.0000000001,0,0,60.68,46.48,57.6799999999958,13.0,0.002265833587540076,False
2030-05-26 00:00:00,291667.0,0,0,0,0,61.63,46.4,0,13.0,0,False
2030-05-27 00:00:00,583333.0,583332.9999999998,583332.9999999998,0,0,60.83,46.1,57.830000000003395,13.0,0.0031617848001727882,False
2030-05-28 00:00:00,375000.0,375000.0,375000.0,0,0,58.55,45.39,55.54999999999859,13.0,0.00213910010028379,False
2030-05-29 00:00:00,83337.0,0,0,0,0,59.43,45.3,0,13.0,0,False
2030-05-30 00:00:00,291667.0,0,0,0,0,59.52,45.02,0,13.0,0,False
2030-05-31 00:00:00,283601.0,0,0,0,0,59.48,45.08,0,13.0,0,False
2030-06-01 00:00:00,375000.0,375000.0,375000.0,0,0,60.23,45.63,57.2299999999928,13.0,0.002059538631264881,False
2030-06-02 00:00:00,583333.0,583333.0,583333.0,0,0,60.3,45.9,57.29999999999956,13.0,0.0031987746966933785,False
2030-06-03 00:00:00,205461.0,0,0,0,0,59.6,45.78,0,13.0,0,False
2030-06-04 00:00:00,371235.0,371235.0,371235.0,0,0,59.13,45.75,56.12999999999488,13.0,0.0020897347580833437,False
2030-06-05 00:00:00,583333.0,583332.9999999998,583332.9999999998,0,0,59.58,45.74,56.5800000000047,13.0,0.003250473836509313,False
2030-06-06 00:00:00,0.0,0,0,0,0,61.09,45.83,0,0,0,False
2030-06-07 00:00:00,541667.0,541666.9999999995,541666.9999999995,0,0,63.7,45.88,60.70000000000033,13.0,0.002763274898259535,False
2030-06-08 00:00:00,250000.0,0,0,0,0,62.84,46.15,0,13.0,0,False
2030-06-09 00:00:00,375000.0,374999.99999999994,374999.99999999994,0,0,64.64,46.46,61.64000000001482,13.0,0.001876965340882362,False
2030-06-10 00:00:00,-249993.0,0,0,0,0,63.36,46.19,25,25,0,False
2030-06-11 00:00:00,3.0,0,0,0,0,64.16,46.19,13.0,13.0,0,False
2030-06-12 00:00:00,-624990.0,624990.0000000002,422909.18916855095,210346.38321663282,0,66.63,46.42,3.57320056723114,11.983761542100012,0.011968300155087498,False
2030-06-13 00:00:00,-541653.0,541653.0000000001,370206.50684738904,181496.77449085607,0,64.1,46.06,4.33622559770663,12.776458898400051,0.0104494295671723,False
2030-06-14 00:00:00,0.0,0,0,0,0,65.64,46.33,0,0,0,False
2030-06-15 00:00:00,0.0,0,0,0,0,64.63,46.28,0,0,0,False
2030-06-16 00:00:00,166667.0,0,0,0,0,64.63,46.13,0,13.0,0,False
2030-06-17 00:00:00,-374993.0,0,0,0,0,67.05,46.3,0,25.000000000020577,0,True
2030-06-18 00:00:00,83333.0,0,0,0,0,65.0,46.05,0,13.0,0,False
2030-06-19 00:00:00,-41667.0,0,0,0,0,63.89,45.91,25.000000000020577,25.000000000020577,0,False
2030-06-20 00:00:00,-104641.0,0,0,0,0,59.25,45.38,25.000000000020577,25.000000000020577,0,False
2030-06-21 00:00:00,613749.0,613749.0,613749.0,0,0,59.89,45.95,56.88999999999078,12.976951444700035,0.0033945340276929762,False
2030-06-22 00:00:00,833333.0,833332.9999999995,833332.9999999995,0,0,62.87,47.03,59.86999999999637,12.987747177100005,0.004323522291085825,False
2030-06-23 00:00:00,296827.0,0,0,0,0,61.28,45.88,0,12.987747177100005,0,False
2030-06-24 00:00:00,-560041.0,560041.0,414794.2820758576,156365.7047277267,0,59.84,45.22,12.080564286580113,20.915814123700045,0.011219839025947064,False
2030-06-25 00:00:00,-666649.0,666649.0,493957.4741014018,182678.01975079253,0,62.72,45.78,12.641667986453626,21.595944662500017,0.013183943023605784,False
2030-06-26 00:00:00,-666649.0,666649.0000000001,489135.99784380576,187233.85002496725,0,64.8,46.14,12.59593864524561,21.64895031880002,0.01291255473181855,False
2030-06-27 00:00:00,-416660.0,416660.0000000001,308198.4611464754,120894.43623800283,0,62.47,45.91,12.86485992981875,21.699712854600023,0.008338211065110552,False
2030-06-28 00:00:00,-874983.0,874983.0000000002,657057.6981254257,225275.50165033978,0,62.1,46.37,12.997762846903242,21.625832253600038,0.018198478006806587,False
2030-06-29 00:00:00,-208330.0,0,0,0,0,65.58,46.55,21.625832253600038,21.625832253600038,0,False
2030-06-30 00:00:00,0.0,0,0,0,0,68.17,47.03,0,0,0,False
2030-07-01 00:00:00,-249993.0,0,0,0,0,69.42,46.82,21.625832253600038,21.625832253600038,0,False
2030-07-02 00:00:00,-874983.0,0,0,0,0,70.35,46.57,0,25.000000000020577,0,True
2030-07-03 00:00:00,-124997.0,0,0,0,0,70.25,46.7,25.000000000020577,25.000000000020577,0,False
2030-07-04 00:00:00,208333.0,0,0,0,0,69.76,46.42,0,12.987747177100005,0,False
2030-07-05 00:00:00,375000.0,375000.0,375000.0,0,0,67.57,46.18,64.57000000000795,12.996589381600018,0.0017726014487120141,False
2030-07-06 00:00:00,0.0,0,0,0,0,69.51,46.16,0,0,0,False
2030-07-07 00:00:00,0.0,0,0,0,0,69.01,46.35,0,0,0,False
2030-07-08 00:00:00,-583323.0,0,0,0,0,68.27,46.17,0,25.000000000020577,0,True
2030-07-09 00:00:00,-291660.0,0,0,0,0,67.36,46.6,25.000000000020577,25.000000000020577,0,False
2030-07-10 00:00:00,125000.0,0,0,0,0,63.39,45.35,0,12.996589381600018,0,False
2030-07-11 00:00:00,-291660.0,0,0,0,0,65.08,45.58,25.000000000020577,25.000000000020577,0,False
2030-07-12 00:00:00,-583323.0,0,0,0,0,67.3,46.01,0,25.000000000020577,0,True
2030-07-13 00:00:00,-374993.0,0,0,0,0,66.58,46.2,0,25.000000000020577,0,True
2030-07-14 00:00:00,-333326.0,0,0,0,0,64.6,45.95,0,25.000000000020577,0,True
2030-07-15 00:00:00,-874983.0,0,0,0,0,67.7,46.26,0,25.000000000020577,0,True
2030-07-16 00:00:00,-999979.0,0,0,0,0,69.75,46.43,0,25.000000000020577,0,True
2030-07-17 00:00:00,-999979.0,0,0,0,0,64.96,45.39,0,25.000000000020577,0,True
2030-07-18 00:00:00,-999983.0,0,0,0,0,60.94,44.6,0,25.000000000020577,0,True
2030-07-19 00:00:00,-999979.0,0,0,0,0,68.55,45.48,0,25.000000000020577,0,True
2030-07-20 00:00:00,-749986.0,0,0,0,0,72.48,46.55,0,25.000000000020577,0,True
2030-07-21 00:00:00,-749983.0,0,0,0,0,68.93,46.11,0,25.000000000020577,0,True
2030-07-22 00:00:00,-958316.0,0,0,0,0,70.46,46.43,0,25.000000000020577,0,True
2030-07-23 00:00:00,-874983.0,0,0,0,0,67.9,46.05,0,25.000000000020577,0,True
2030-07-24 00:00:00,-708319.0,0,0,0,0,70.62,46.17,0,25.000000000020577,0,True
2030-07-25 00:00:00,-499990.0,0,0,0,0,67.03,46.1,0,25.000000000020577,0,True
2030-07-26 00:00:00,-749986.0,0,0,0,0,69.4,46.17,0,25.000000000020577,0,True
2030-07-27 00:00:00,-874983.0,0,0,0,0,71.33,46.38,0,25.000000000020577,0,True
2030-07-28 00:00:00,958333.0,958332.9999999993,958332.9999999993,0,0,70.4,46.52,67.40000000000032,12.999189242600039,0.004301567008933852,False
2030-07-29 00:00:00,-666649.0,0,0,0,0,65.7,45.59,0,25.000000000020577,0,True
2030-07-30 00:00:00,-999983.0,999983.0000000003,721733.9117203467,284929.10635461594,0,67.88,46.13,10.733070170476651,19.113330113800032,0.02056223122407739,False
2030-07-31 00:00:00,-999979.0,999979.0,717260.9685167263,289581.0490539656,0,69.55,46.19,10.853988016952655,19.38024927660001,0.02008650268905063,False
2030-08-01 00:00:00,-999979.0,999979.0000000001,728146.4756049401,278298.2306027087,0,66.2,46.04,11.056465448703932,19.355794462000006,0.020949116601466672,False
2030-08-02 00:00:00,-999979.0,999979.0000000003,707735.4040724799,299626.923068167,0,72.18,46.93,10.610097521849411,19.32242478430004,0.019395976320995118,False
2030-08-03 00:00:00,-958316.0,958316.0000000001,663772.1302629963,302055.76794555754,0,76.74,47.08,10.160265679388544,19.294426779500043,0.017350506540824585,False
2030-08-04 00:00:00,-708319.0,708319.0000000001,481577.32603385416,233669.5447374762,0,77.12,47.83,9.801171500392684,19.26455488090005,0.012150742717080946,False
2030-08-05 00:00:00,-916649.0,916649.0,626889.5833539199,297005.43608669826,0,79.01,48.13,9.886316495839196,19.255268837100004,0.015959581895407974,False
2030-08-06 00:00:00,-666653.0,666653.0000000001,452367.45790235687,221843.4316044121,0,76.58,47.46,9.821313905964132,19.236233780500015,0.011472661736881483,False
2030-08-07 00:00:00,-749986.0,749907.6223878869,498704.48853346944,257426.55288582793,0,81.82,48.63,9.50541051073634,19.226981291200048,0.012236172933301264,False
2030-08-08 00:00:00,-833316.0,833316.0000000002,561153.7773371738,278639.20120475936,0,80.99,48.71,9.618160078102107,19.2221387509,0.013943055613003979,False
2030-08-09 00:00:00,-791649.0,791649.0,530979.7522149007,266931.147944006,0,81.11,48.57,9.558564968634983,19.215171539100027,0.013118628113272555,False
2030-08-10 00:00:00,-999983.0,999983.0000000003,671548.9844208289,338911.5475815369,0,82.19,48.49,9.75421516212515,19.21308708920003,0.016945994547004923,False
2030-08-11 00:00:00,-499990.0,499990.00000000006,325395.2312730907,184479.95204529093,0,80.58,48.42,9.76352817481876,19.19889573490002,0.008234885195719977,False
2030-08-12 00:00:00,-708319.0,708319.0000000002,478814.1959053845,236322.09036097268,0,78.08,47.86,9.689154945563757,19.197279554600016,0.012021756960167704,False
2030-08-13 00:00:00,-833316.0,833316.0000000002,565294.1105897652,274362.00642003666,0,79.68,48.12,9.683600597127224,19.195286226700034,0.014186464527852292,False
2030-08-14 00:00:00,-999979.0,999979.0000000001,672906.9048158017,337387.116047644,0,81.73,48.85,9.768165715423152,19.192850257600014,0.017041161252576112,False
2030-08-15 00:00:00,-999979.0,999979.0000000002,671185.0683425708,339314.5803885713,0,82.22,48.78,9.728884075841393,19.188579303400047,0.016931286729504908,False
2030-08-16 00:00:00,-916649.0,916649.0000000003,619031.7556542798,305331.731038526,0,81.25,48.53,9.654159479458201,19.18369565820001,0.015500627845352844,False
2030-08-17 00:00:00,-291663.0,0,0,0,0,81.03,47.39,19.18369565820001,19.18369565820001,0,False
2030-08-18 00:00:00,-416656.0,0,0,0,0,78.43,46.95,0,25.000000000020577,0,True
2030-08-19 00:00:00,-999979.0,0,0,0,0,78.25,46.96,0,25.000000000020577,0,True
2030-08-20 00:00:00,-999983.0,0,0,0,0,71.4,46.61,0,25.000000000020577,0,True
2030-08-21 00:00:00,-999979.0,0,0,0,0,72.85,46.59,0,25.000000000020577,0,True
2030-08-22 00:00:00,-208330.0,0,0,0,0,74.33,46.83,25.000000000020577,25.000000000020577,0,False
2030-08-23 00:00:00,-416656.0,0,0,0,0,77.33,47.46,0,25.000000000020577,0,True
2030-08-24 00:00:00,-166663.0,0,0,0,0,80.35,48.05,25.000000000020577,25.000000000020577,0,False
2030-08-25 00:00:00,-297142.0,0,0,0,0,77.78,48.02,25.000000000020577,25.000000000020577,0,False
2030-08-26 00:00:00,-191993.0,0,0,0,0,69.64,46.59,25.000000000020577,25.000000000020577,0,False
2030-08-27 00:00:00,83340.0,0,0,0,0,68.15,46.3,0,40.00000000002092,0,True
2030-08-28 00:00:00,625017.0,625016.9999999995,625016.9999999995,0,0,69.77,46.18,66.76999999999919,12.990005023799995,0.0028371533347107186,False
2030-08-29 00:00:00,435216.0,435215.9999999999,435215.9999999999,0,0,69.53,46.06,66.52999999999685,12.991482313700033,0.0019840795582395745,False
2030-08-30 00:00:00,-249993.0,0,0,0,0,78.33,47.59,25.000000000020577,25.000000000020577,0,False
2030-08-31 00:00:00,833333.0,833332.9999999994,833332.9999999994,0,0,68.47,46.21,65.47000000000264,12.994567765300019,0.0038736857576738724,False
2030-09-01 00:00:00,470142.0,470141.9999999999,470141.9999999999,0,0,67.65,45.88,64.64999999999736,12.994920113100022,0.0022192778039621707,False
2030-09-02 00:00:00,1000000.0,999999.9999999999,999999.9999999999,0,0,66.67,45.67,63.669999999997685,12.996640529399997,0.004809294734827268,False
2030-09-03 00:00:00,666667.0,666666.9999999999,666666.9999999999,0,0,61.37,45.36,58.37000000000057,12.997006224300037,0.003571157413826317,False
2030-09-04 00:00:00,208333.0,0,0,0,0,57.74,44.6,0,12.997006224300037,0,False
2030-09-05 00:00:00,40053.0,0,0,0,0,68.2,46.09,0,12.997006224300037,0,False
2030-09-06 00:00:00,170317.0,0,0,0,0,68.17,46.03,0,12.997006224300037,0,False
2030-09-07 00:00:00,-166653.0,0,0,0,0,60.43,45.69,25.000000000020577,25.000000000020577,0,False
2030-09-08 00:00:00,-499990.0,0,0,0,0,63.9,45.94,0,25.000000000020577,0,True
2030-09-09 00:00:00,916667.0,916666.9999999999,916666.9999999999,0,0,59.44,45.05,56.43999999999335,12.997637412700044,0.005123657468685522,False
2030-09-10 00:00:00,41674.0,0,0,0,0,59.45,45.13,0,40.00000000002092,0,True
2030-09-11 00:00:00,-749986.0,749986.0000000001,541926.6122265303,215946.59550520053,0,65.2,45.29,9.595363754679568,18.299771381000028,0.014866631543358643,False
2030-09-12 00:00:00,-708319.0,708319.0000000001,504015.96716940805,212425.6291745596,0,68.18,45.93,9.884918426688273,18.836864079500003,0.01344289204225447,False
2030-09-13 00:00:00,-458323.0,458323.0000000001,325433.5732159704,144369.94413783198,0,66.29,45.67,10.143939498634268,18.98010374840004,0.008794829460129118,False
2030-09-14 00:00:00,229883.0,0,0,0,0,66.68,45.6,0,12.794794057200022,0,False
2030-09-15 00:00:00,9940.0,0,0,0,0,72.71,46.35,12.794794057200022,12.794794057200022,0,False
2030-09-16 00:00:00,-333323.0,0,0,0,0,74.66,46.58,0,25.000000000020577,0,True
2030-09-17 00:00:00,-791653.0,0,0,0,0,77.7,47.45,0,25.000000000020577,0,True
2030-09-18 00:00:00,-999979.0,0,0,0,0,80.21,46.95,0,25.000000000020577,0,True
2030-09-19 00:00:00,-999979.0,0,0,0,0,73.3,46.43,0,25.000000000020577,0,True
2030-09-20 00:00:00,-499990.0,0,0,0,0,75.33,46.78,0,25.000000000020577,0,True
2030-09-21 00:00:00,-333326.0,0,0,0,0,71.99,46.2,0,25.000000000020577,0,True
2030-09-22 00:00:00,-458326.0,0,0,0,0,74.4,46.61,0,25.000000000020577,0,True
2030-09-23 00:00:00,-374986.0,0,0,0,0,74.44,46.63,0,25.000000000020577,0,True
2030-09-24 00:00:00,28914.0,0,0,0,0,67.8,46.18,0,12.794794057200022,0,False
2030-09-25 00:00:00,-791653.0,0,0,0,0,76.63,46.98,0,25.000000000020577,0,True
2030-09-26 00:00:00,-999979.0,0,0,0,0,78.13,47.18,0,25.000000000020577,0,True
2030-09-27 00:00:00,-958316.0,0,0,0,0,80.81,47.82,0,25.000000000020577,0,True
2030-09-28 00:00:00,-458323.0,0,0,0,0,79.5,47.87,0,25.000000000020577,0,True
2030-09-29 00:00:00,-874983.0,0,0,0,0,79.68,47.62,0,25.000000000020577,0,True
2030-09-30 00:00:00,-999979.0,0,0,0,0,80.24,47.43,0,25.000000000020577,0,True
2030-10-01 00:00:00,-666653.0,0,0,0,0,81.27,47.86,0,25.000000000020577,0,True
2030-10-02 00:00:00,-666656.0,0,0,0,0,81.99,48.34,0,25.000000000020577,0,True
2030-10-03 00:00:00,-791649.0,0,0,0,0,82.77,48.72,0,25.000000000020577,0,True
2030-10-04 00:00:00,-833316.0,0,0,0,0,81.47,48.15,0,25.000000000020577,0,True
2030-10-05 00:00:00,-999983.0,0,0,0,0,82.25,48.48,0,25.000000000020577,0,True
2030-10-06 00:00:00,-999979.0,0,0,0,0,83.08,48.72,0,25.000000000020577,0,True
2030-10-07 00:00:00,-999979.0,0,0,0,0,83.37,48.71,0,25.000000000020577,0,True
2030-10-08 00:00:00,-999981.0,0,0,0,0,84.57,49.83,0,25.000000000020577,0,True
2030-10-09 00:00:00,-999980.0,0,0,0,0,83.19,49.34,0,25.000000000020577,0,True
2030-10-10 00:00:00,-999980.0,0,0,0,0,82.71,49.12,0,25.000000000020577,0,True
2030-10-11 00:00:00,-999980.0,0,0,0,0,81.73,48.49,0,25.000000000020577,0,True
2030-10-12 00:00:00,-999980.0,0,0,0,0,81.26,48.26,0,25.000000000020577,0,True
2030-10-13 00:00:00,-999980.0,0,0,0,0,82.41,48.11,0,25.000000000020577,0,True
2030-10-14 00:00:00,-999980.0,0,0,0,0,82.86,48.38,0,25.000000000020577,0,True
2030-10-15 00:00:00,-999980.0,0,0,0,0,82.8,48.53,0,25.000000000020577,0,True
2030-10-16 00:00:00,-999980.0,0,0,0,0,82.28,48.36,0,25.000000000020577,0,True
2030-10-17 00:00:00,-791650.0,0,0,0,0,80.32,47.33,0,25.000000000020577,0,True
2030-10-18 00:00:00,-416655.0,0,0,0,0,74.53,46.7,0,25.000000000020577,0,True
2030-10-19 00:00:00,-749985.0,0,0,0,0,77.01,47.04,0,25.000000000020577,0,True
2030-10-20 00:00:00,-791651.0,0,0,0,0,72.45,46.28,0,25.000000000020577,0,True
2030-10-21 00:00:00,-166662.0,0,0,0,0,72.3,46.29,25.000000000020577,25.000000000020577,0,False
2030-10-22 00:00:00,41672.0,0,0,0,0,74.1,46.79,0,12.794794057200022,0,False
2030-10-23 00:00:00,-499990.0,0,0,0,0,76.28,47.08,0,25.000000000020577,0,True
2030-10-24 00:00:00,-249995.0,0,0,0,0,73.75,46.57,25.000000000020577,25.000000000020577,0,False
2030-10-25 00:00:00,-83326.0,0,0,0,0,68.96,45.89,25.000000000020577,25.000000000020577,0,False
2030-10-26 00:00:00,166667.0,0,0,0,0,68.45,45.59,0,12.794794057200022,0,False
2030-10-27 00:00:00,194197.0,0,0,0,0,67.16,45.35,0,12.794794057200022,0,False
2030-10-28 00:00:00,375001.0,375000.9999999996,375000.9999999996,0,0,70.15,45.95,67.14999999999242,12.998679541100046,0.0016908329294212266,False
2030-10-29 00:00:00,-333327.0,333327.00000000006,270890.7636459449,80372.58215928014,0,72.5,46.92,34.84787839075773,45.55019166120002,0.0060935371997667565,False
2030-10-30 00:00:00,-833317.0,833317.0,663276.0089138998,180164.2196746841,0,75.52,46.86,31.80039950411475,44.04852545760002,0.013028215037299437,False
2030-10-31 00:00:00,-541656.0,541656.0000000001,439998.4345988447,114444.65567669367,0,68.7,46.25,32.33243188558208,43.489284829600024,0.009485737271441669,False
2030-11-01 00:00:00,-999980.0,999980.0,800574.4605135667,207841.37464195243,0,71.22,46.42,31.657507558341138,43.61096372950004,0.016100597599294178,False
2030-11-02 00:00:00,-999980.0,999980.0000000001,802350.8573947647,206170.69052581585,0,70.68,46.22,31.655658951312887,43.55185462510002,0.01621527918106056,False
2030-11-03 00:00:00,-41666.0,0,0,0,0,71.33,46.39,43.55185462510002,43.55185462510002,0,False
2030-11-04 00:00:00,0.0,0,0,0,0,71.46,46.45,0,0,0,False
2030-11-05 00:00:00,-374992.0,0,0,0,0,71.96,46.33,0,25.000000000020577,0,True
2030-11-06 00:00:00,-749985.0,0,0,0,0,74.28,46.6,0,25.000000000020577,0,True
2030-11-07 00:00:00,-541656.0,0,0,0,0,73.16,46.69,0,25.000000000020577,0,True
2030-11-08 00:00:00,-583322.0,0,0,0,0,71.48,46.28,0,25.000000000020577,0,True
2030-11-09 00:00:00,-374993.0,0,0,0,0,70.37,46.31,0,25.000000000020577,0,True
2030-11-10 00:00:00,0.0,0,0,0,0,65.88,45.45,0,0,0,False
2030-11-11 00:00:00,375000.0,374999.99999999936,374999.99999999936,0,0,66.5,45.45,63.500000000000966,13.069790549499999,0.0018120850178770945,False
2030-11-12 00:00:00,-499990.0,499990.0000000002,413805.1830933684,100328.77866764757,0,66.23,45.48,33.96686760491201,45.084136543499994,0.008954947068758134,False
2030-11-13 00:00:00,-583322.0,583322.0,482238.1874364542,113927.54516897681,0,65.85,45.48,32.70655928744179,43.86966144400003,0.010393309704205532,False
2030-11-14 00:00:00,-666653.0,666653.0,549757.5500464306,128910.558693216,0,66.63,45.76,32.25916647211011,43.62619083020002,0.011631296167163296,False
2030-11-15 00:00:00,-708319.0,708319.0000000002,583949.0399872964,136159.85995399786,0,66.85,45.61,32.10638071829868,43.52291745710005,0.012299901537212313,False
2030-11-16 00:00:00,-167100.0,0,0,0,0,67.26,45.7,43.52291745710005,43.52291745710005,0,False
2030-11-17 00:00:00,208333.0,0,0,0,0,67.46,45.56,0,13.069790549499999,0,False
2030-11-18 00:00:00,208333.0,0,0,0,0,69.45,45.88,0,13.069790549499999,0,False
2030-11-19 00:00:00,83336.0,0,0,0,0,65.33,45.8,0,13.069790549499999,0,False
2030-11-20 00:00:00,-124995.0,0,0,0,0,64.33,45.52,43.52291745710005,43.52291745710005,0,False
2030-11-21 00:00:00,-499990.0,0,0,0,0,64.37,45.25,0,25.000000000020577,0,True
2030-11-22 00:00:00,-666653.0,0,0,0,0,63.91,45.61,0,25.000000000020577,0,True
2030-11-23 00:00:00,-499987.0,0,0,0,0,65.52,46.03,0,25.000000000020577,0,True
2030-11-24 00:00:00,-249995.0,0,0,0,0,68.57,46.13,25.000000000020577,25.000000000020577,0,False
2030-11-25 00:00:00,333333.0,0,0,0,0,67.45,46.6,0,13.069790549499999,0,False
2030-11-26 00:00:00,-208329.0,0,0,0,0,69.95,46.12,25.000000000020577,25.000000000020577,0,False
2030-11-27 00:00:00,208333.0,0,0,0,0,69.85,46.4,0,13.069790549499999,0,False
2030-11-28 00:00:00,625000.0,624999.9999999992,624999.9999999992,0,0,66.23,45.96,63.22999999999888,13.036603396800047,0.0030339586813483803,False
2030-11-29 00:00:00,1000000.0,999999.999999999,999999.999999999,0,0,67.72,45.96,64.71999999999804,13.021831216800024,0.004716724331924187,False
2030-11-30 00:00:00,1000000.0,999999.9999999984,999999.9999999984,0,0,66.32,46.26,63.32000000000221,13.015248819800036,0.004844453377240046,False
2030-12-01 00:00:00,1000000.0,999999.9999999988,999999.9999999988,0,0,69.5,46.22,66.50000000000364,13.0121078441,0.004563484008746608,False
2030-12-02 00:00:00,1000000.0,999999.9999999995,999999.9999999995,0,0,73.08,47.25,70.08000000000169,13.010350767100022,0.0042852895719300964,False
2030-12-03 00:00:00,-249993.0,0,0,0,0,70.27,46.52,25.000000000020577,25.000000000020577,0,False
2030-12-04 00:00:00,-291661.0,0,0,0,0,74.05,46.69,25.000000000020577,25.000000000020577,0,False
2030-12-05 00:00:00,-291661.0,0,0,0,0,74.77,46.8,25.000000000020577,25.000000000020577,0,False
2030-12-06 00:00:00,-541656.0,0,0,0,0,73.92,46.9,0,25.000000000020577,0,True
2030-12-07 00:00:00,250000.0,0,0,0,0,75.56,47.2,0,13.010350767100022,0,False
2030-12-08 00:00:00,416667.0,416667.0,416667.0,0,0,74.96,47.0,71.96000000000146,13.013163122400044,0.0017303482196642545,False
2030-12-09 00:00:00,434053.0,434052.99999999994,434052.99999999994,0,0,75.05,47.48,72.05000000000103,13.011679372000003,0.001799978280954602,False
2030-12-10 00:00:00,1000000.0,999999.9999999993,999999.9999999993,0,0,71.27,46.63,68.26999999999498,13.007808332100012,0.004421235670689147,False
2030-12-11 00:00:00,375004.0,375003.9999999997,375003.9999999997,0,0,65.87,45.6,62.87000000000643,13.008308309500023,0.001832141058815603,False
2030-12-12 00:00:00,-666653.0,0,0,0,0,65.45,45.77,0,25.000000000020577,0,True
2030-12-13 00:00:00,-874983.0,874983.0,656763.6982042406,225552.4623874813,0,66.85,46.07,15.809673724212757,25.07960536750005,0.016948364271077015,False
2030-12-14 00:00:00,-749985.0,749985.0000000002,563093.238375235,196081.2143087354,0,66.77,45.7,16.314813156025934,25.795932387899995,0.014212126104050586,False
2030-12-15 00:00:00,-291661.0,0,0,0,0,69.62,46.12,25.795932387899995,25.795932387899995,0,False
2030-12-16 00:00:00,333333.0,0,0,0,0,69.94,45.94,0,13.008308309500023,0,False
2030-12-17 00:00:00,-83327.0,0,0,0,0,70.72,46.49,25.795932387899995,25.795932387899995,0,False
2030-12-18 00:00:00,-166661.0,0,0,0,0,72.57,46.8,25.795932387899995,25.795932387899995,0,False
2030-12-19 00:00:00,-41666.0,0,0,0,0,68.93,45.94,25.795932387899995,25.795932387899995,0,False
2030-12-20 00:00:00,-41661.0,0,0,0,0,65.63,45.76,25.795932387899995,25.795932387899995,0,False
2030-12-21 00:00:00,-666653.0,0,0,0,0,64.2,45.7,0,25.000000000020577,0,True
2030-12-22 00:00:00,0.0,0,0,0,0,63.06,45.78,0,0,0,False
2030-12-23 00:00:00,125000.0,0,0,0,0,66.53,46.15,0,13.008308309500023,0,False
2030-12-24 00:00:00,-124998.0,0,0,0,0,66.75,45.95,25.000000000020577,25.000000000020577,0,False
2030-12-25 00:00:00,-291661.0,0,0,0,0,64.73,45.79,25.000000000020577,25.000000000020577,0,False
2030-12-26 00:00:00,125003.0,0,0,0,0,65.68,45.69,0,13.008308309500023,0,False
2030-12-27 00:00:00,509509.0,509508.9999999998,509508.9999999998,0,0,60.65,45.09,57.64999999999765,13.00822050640005,0.002773046217190991,False
2030-12-28 00:00:00,208333.0,0,0,0,0,60.2,45.18,0,13.00822050640005,0,False
2030-12-29 00:00:00,666667.0,666666.9999999998,666666.9999999998,0,0,63.45,45.65,60.450000000001694,13.00594411450004,0.003419032300308973,False
2030-12-30 00:00:00,708333.0,708332.9999999998,708332.9999999998,0,0,60.22,45.05,57.219999999985646,13.004585276100045,0.0038916265929112037,False
2030-12-31 00:00:00,291667.0,0,0,0,0,61.35,45.97,0,13.004585276100045,0,False
2031-01-01 00:00:00,583333.0,583333.0000000001,583333.0000000001,0,0,62.1,45.74,59.10000000000082,13.004268272000047,0.0030769338113866103,False
2031-01-02 00:00:00,125000.0,0,0,0,0,62.41,46.24,0,13.004268272000047,0,False
2031-01-03 00:00:00,750001.0,750000.999999999,750000.999999999,0,0,63.49,46.9,60.489999999987674,13.003565918600032,0.003842932818360734,False
2031-01-04 00:00:00,-120224.0,0,0,0,0,61.78,46.28,25.000000000020577,25.000000000020577,0,False
2031-01-05 00:00:00,333333.0,333332.99999999953,333332.99999999953,0,0,64.28,46.36,61.27999999999861,13.003939090800031,0.0016806667378595611,False
2031-01-06 00:00:00,-141804.0,0,0,0,0,66.32,46.92,25.000000000020577,25.000000000020577,0,False
2031-01-07 00:00:00,-499990.0,499990.0000000001,354257.1021816695,156833.0209791725,0,66.3,46.03,10.440469350097601,19.368689289600013,0.00947723142168751,False
2031-01-08 00:00:00,500000.0,499999.99999999965,499999.99999999965,0,0,67.57,47.27,64.56999999999948,12.84047123090005,0.0023567441958115714,False
2031-01-09 00:00:00,541668.0,541668.0,541668.0,0,0,62.03,46.52,59.03000000000071,12.964433563400007,0.002858903354276598,False
2031-01-10 00:00:00,666667.0,666666.9999999999,666666.9999999999,0,0,61.73,46.85,58.7300000000003,12.989713556300046,0.003543144194396972,False
2031-01-11 00:00:00,833333.0,833332.9999999995,833332.9999999995,0,0,62.85,47.45,59.850000000001444,12.996976487500035,0.00432550582732264,False
2031-01-12 00:00:00,750000.0,749999.9999999991,749999.9999999991,0,0,65.06,46.6,62.06000000000415,12.999046176600018,0.003722370815215509,False
2031-01-13 00:00:00,500000.0,499999.99999999907,499999.99999999907,0,0,67.01,47.03,64.01000000000505,12.999699099500049,0.002389236478896071,False
2031-01-14 00:00:00,361471.0,361470.9999999995,361470.9999999995,0,0,63.67,46.49,60.67000000001616,13.000107096000022,0.0018451380513606647,False
2031-01-15 00:00:00,125000.0,0,0,0,0,63.82,45.97,0,13.000107096000022,0,False
2031-01-16 00:00:00,708333.0,708332.9999999995,708332.9999999995,0,0,66.73,46.4,63.73000000000195,13.000769092700011,0.00340300555170291,False
2031-01-17 00:00:00,698037.0,698036.9999999993,698036.9999999993,0,0,67.62,46.99,64.62000000000398,13.000915323200047,0.0032973038459312024,False
2031-01-18 00:00:00,319427.0,0,0,0,0,65.92,47.22,0,13.000915323200047,0,False
2031-01-19 00:00:00,625000.0,624999.9999999988,624999.9999999988,0,0,63.06,47.42,60.0599999999925,13.001078241599998,0.003230767918072371,False
2031-01-20 00:00:00,500000.0,499999.9999999993,499999.9999999993,0,0,64.87,48.55,61.87000000000205,13.001124632200003,0.00249119220660564,False
2031-01-21 00:00:00,541667.0,541666.9999999993,541666.9999999993,0,0,65.43,48.36,62.42999999999171,13.001140941500012,0.0026689907731328373,False
2031-01-22 00:00:00,750000.0,749999.9999999988,749999.9999999988,0,0,67.53,49.81,64.52999999999918,13.001093800400042,0.003548806042612976,False
2031-01-23 00:00:00,541667.0,541666.9999999995,541666.9999999995,0,0,66.95,50.0,63.95000000001187,13.001116039700037,0.0025914122053552926,False
2031-01-24 00:00:00,666667.0,666666.9999999993,666666.9999999993,0,0,66.18,49.85,63.17999999999711,13.001078488300038,0.0032370726739824568,False
2031-01-25 00:00:00,833333.0,833332.9999999991,833332.9999999991,0,0,66.25,49.96,63.250000000000625,13.001003286500008,0.004040846581265498,False
2031-01-26 00:00:00,875000.0,874999.9999999994,874999.9999999994,0,0,67.28,51.49,64.28000000000378,13.000944800100001,0.004159902038731742,False
2031-01-27 00:00:00,958333.0,958332.9999999988,958332.9999999988,0,0,64.64,50.55,61.63999999999925,13.000868713700015,0.004796788949044409,False
2031-01-28 00:00:00,833333.0,833332.9999999992,833332.9999999992,0,0,64.23,50.73,61.23000000000371,13.000842081900032,0.004205687780158152,False
2031-01-29 00:00:00,708333.0,708333.0,708333.0,0,0,62.17,49.45,59.16999999998427,13.000837099300043,0.003730441262367191,False
2031-01-30 00:00:00,875000.0,874999.9999999995,874999.9999999995,0,0,64.97,48.72,61.969999999993604,13.000793991800037,0.004350890739265977,False
2031-01-31 00:00:00,904577.0,904576.9999999987,904576.9999999987,0,0,65.7,48.37,62.70000000000459,13.000759747100005,0.00443356067430703,False
2031-02-01 00:00:00,416667.0,416666.99999999924,416666.99999999924,0,0,65.66,47.76,62.660000000007415,13.000860812500036,0.002043788884610567,False
2031-02-02 00:00:00,708333.0,708332.9999999991,708332.9999999991,0,0,64.89,47.85,61.89000000000027,13.000812983800017,0.003527766000029772,False
2031-02-03 00:00:00,458333.0,458332.99999999936,458332.99999999936,0,0,64.52,47.3,61.519999999996855,13.000863689800042,0.002299638187486149,False
2031-02-04 00:00:00,724368.0,724368.0,724368.0,0,0,62.23,46.59,59.23000000000678,13.00079664430001,0.0038100551118441356,False
2031-02-05 00:00:00,484769.0,484768.9999999991,484768.9999999991,0,0,63.06,46.7,60.06000000000171,13.000832829000046,0.002505874550337739,False
2031-02-06 00:00:00,541667.0,541666.9999999991,541666.9999999991,0,0,64.56,47.01,61.560000000002674,13.00083040070001,0.002715576450482691,False
2031-02-07 00:00:00,583333.0,583333.0000000002,583333.0000000002,0,0,62.03,46.96,59.02999999998627,13.00080565510001,0.003081253579803757,False
2031-02-08 00:00:00,541667.0,541666.9999999998,541666.9999999998,0,0,60.38,47.44,57.38000000000051,13.0007952789,0.0029651104400017446,False
2031-02-09 00:00:00,1000000.0,1000000.0000000002,1000000.0000000002,0,0,61.42,47.03,58.419999999993934,13.00068216660003,0.005351468506168796,False
2031-02-10 00:00:00,958333.0,958332.9999999998,958332.9999999998,0,0,61.36,46.61,58.36000000000473,13.000628823600039,0.00513510541871649,False
2031-02-11 00:00:00,833335.0,833335.0,833335.0,0,0,61.46,47.4,58.4599999999931,13.000611475500023,0.004455710780685833,False
2031-02-12 00:00:00,1000000.0,1000000.0,1000000.0,0,0,60.54,47.25,57.54000000000548,13.000560983900016,0.005454799600805325,False
2031-02-13 00:00:00,791667.0,791666.9999999988,791666.9999999988,0,0,62.5,47.58,59.49999999999284,13.000566507500025,0.004140393563961729,False
2031-02-14 00:00:00,458338.0,458337.9999999995,458337.9999999995,0,0,64.98,47.29,61.98000000000667,13.000634114299999,0.002278592335864122,False
2031-02-15 00:00:00,208336.0,0,0,0,0,66.13,48.4,0,13.000634114299999,0,False
2031-02-16 00:00:00,416667.0,416667.0000000002,416667.0000000002,0,0,61.34,47.45,58.33999999999844,13.000721854000005,0.0022336129234808563,False
2031-02-17 00:00:00,958333.0,958333.0000000002,958333.0000000002,0,0,61.12,47.47,58.11999999999637,13.000600478199999,0.005161809083351299,False
2031-02-18 00:00:00,916667.0,916666.9999999992,916666.9999999992,0,0,63.03,47.76,60.02999999999042,13.000557960200013,0.004741385383089129,False
2031-02-19 00:00:00,1000000.0,999999.9999999991,999999.9999999991,0,0,63.02,48.43,60.01999999999555,13.000515844400013,0.00517348973542288,False
2031-02-20 00:00:00,1000000.0,999999.9999999984,999999.9999999984,0,0,63.73,49.03,60.73000000000343,13.00048822330001,0.005098362283827442,False
2031-02-21 00:00:00,1000000.0,999999.9999999997,999999.9999999997,0,0,61.23,48.88,58.22999999999922,13.000459667200005,0.005373404741811037,False
2031-02-22 00:00:00,541667.0,541666.9999999995,541666.9999999995,0,0,65.93,49.81,62.929999999996824,13.000513327100009,0.002642912108205488,False
2031-02-23 00:00:00,666667.0,666666.9999999988,666666.9999999988,0,0,66.28,50.65,63.27999999997343,13.000513776200023,0.00323076383630815,False
2031-02-24 00:00:00,750000.0,749999.9999999992,749999.9999999992,0,0,64.25,49.08,61.25000000002092,13.00049736310001,0.003783561222119114,False
2031-02-25 00:00:00,1000000.0,999999.9999999985,999999.9999999985,0,0,62.71,47.91,59.71000000000839,13.00045198700002,0.0052070035060160875,False
2031-02-26 00:00:00,791667.0,791666.9999999992,791666.9999999992,0,0,63.1,47.43,60.10000000001003,13.00045165360001,0.004088876988974386,False
2031-02-27 00:00:00,1000000.0,1000000.0000000001,1000000.0000000001,0,0,62.28,47.52,59.280000000006396,13.000419085299995,0.005254242069756695,False
2031-02-28 00:00:00,875000.0,874999.9999999995,874999.9999999995,0,0,63.03,48.45,60.029999999988604,13.0004137528,0.004525847922159999,False
2031-03-01 00:00:00,666667.0,666666.9999999991,666666.9999999991,0,0,64.54,49.54,61.53999999999297,13.00043320130004,0.003343562572916056,False
2031-03-02 00:00:00,708333.0,708332.9999999994,708332.9999999994,0,0,66.55,50.71,63.550000000007515,13.000437151300048,0.0034148239819076537,False
2031-03-03 00:00:00,708333.0,708332.9999999988,708332.9999999988,0,0,67.44,51.35,64.43999999999977,13.000439211900016,0.0033573073192275675,False
2031-03-04 00:00:00,916667.0,916666.9999999987,916666.9999999987,0,0,66.66,50.67,63.66000000000116,13.00041361350003,0.004409848790735162,False
2031-03-05 00:00:00,1000000.0,999999.9999999993,999999.9999999993,0,0,67.28,50.83,64.27999999999224,13.000392236300002,0.004754121042879092,False
2031-03-06 00:00:00,1000000.0,999999.9999999988,999999.9999999988,0,0,67.75,51.02,64.74999999999721,13.000378288400043,0.004712107193327044,False
2031-03-07 00:00:00,1000000.0,999999.9999999986,999999.9999999986,0,0,66.9,50.7,63.90000000000549,13.000365352100005,0.004788655819975424,False
2031-03-08 00:00:00,1000000.0,999999.9999999984,999999.9999999984,0,0,66.06,50.4,63.05999999999443,13.000353302700034,0.0048668747991857724,False
2031-03-09 00:00:00,666667.0,666666.9999999995,666666.9999999995,0,0,66.03,51.32,63.02999999999378,13.000374415400017,0.0032464754395521082,False
2031-03-10 00:00:00,375000.0,374999.9999999994,374999.9999999994,0,0,66.14,51.03,63.14000000000425,13.000421646600046,0.0018222390946810428,False
2031-03-11 00:00:00,833333.0,833332.9999999995,833332.9999999995,0,0,66.1,50.75,63.100000000003774,13.000385399500033,0.004052575631014089,False
2031-03-12 00:00:00,750000.0,749999.9999999991,749999.9999999991,0,0,65.64,50.1,62.63999999998521,13.000379278300045,0.003680236249815427,False
2031-03-13 00:00:00,791667.0,791666.9999999995,791666.9999999995,0,0,66.03,50.43,63.0300000000056,13.000370165800007,0.003855192680831939,False
2031-03-14 00:00:00,750000.0,749999.999999999,749999.999999999,0,0,64.77,49.43,61.769999999982986,13.000365280300002,0.003744206108136549,False
2031-03-15 00:00:00,791667.0,791666.999999999,791666.999999999,0,0,63.48,49.19,60.48000000000047,13.00035422420001,0.004056925649291032,False
2031-03-16 00:00:00,500000.0,499999.9999999994,499999.9999999994,0,0,65.78,50.27,62.780000000004065,13.000379881000015,0.0024467650630878033,False
2031-03-17 00:00:00,416667.0,416666.9999999991,416666.9999999991,0,0,65.7,50.18,62.69999999998038,13.000401926700022,0.0020421706413679104,False
2031-03-18 00:00:00,416667.0,416666.99999999965,416666.99999999965,0,0,64.43,49.46,61.43000000000501,13.000412197100047,0.002094353899382651,False
2031-03-19 00:00:00,625000.0,624999.9999999992,624999.9999999992,0,0,64.85,49.17,61.849999999996896,13.000392484200006,0.0031151915450893324,False
2031-03-20 00:00:00,541667.0,541666.9999999995,541666.9999999995,0,0,63.6,49.09,60.599999999999284,13.000391698600026,0.002768962160471585,False
2031-03-21 00:00:00,541667.0,541666.9999999994,541666.9999999994,0,0,62.63,48.48,59.629999999995675,13.000388118900048,0.0028251757256788977,False
2031-03-22 00:00:00,666667.0,666666.9999999986,666666.9999999986,0,0,63.21,48.47,60.20999999999282,13.000371840599996,0.003435427295251392,False
2031-03-23 00:00:00,375000.0,374999.99999999953,374999.99999999953,0,0,63.6,48.62,60.59999999999502,13.00039684340004,0.001916971115526211,False
2031-03-24 00:00:00,666667.0,666666.9999999992,666666.9999999992,0,0,64.73,49.54,61.73000000000633,13.000373309100041,0.003330849373344304,False
2031-03-25 00:00:00,750000.0,749999.9999999994,749999.9999999994,0,0,64.38,49.92,61.37999999999761,13.000353925900015,0.0037736344614477464,False
2031-03-26 00:00:00,875000.0,874999.9999999995,874999.9999999995,0,0,66.67,50.73,63.66999999998524,13.000334253300025,0.004208583129378234,False
2031-03-27 00:00:00,1000000.0,999999.999999999,999999.999999999,0,0,67.61,51.92,64.6100000000232,13.000313155400022,0.004724535494033418,False
2031-03-28 00:00:00,1000000.0,999999.9999999991,999999.9999999991,0,0,67.83,51.74,64.83000000001124,13.000298594900016,0.004705025437826407,False
2031-03-29 00:00:00,916667.0,916666.9999999994,916666.9999999994,0,0,68.98,52.04,65.98000000000104,13.000293208200048,0.004221896312726168,False
2031-03-30 00:00:00,708333.0,708332.9999999997,708332.9999999997,0,0,70.09,52.46,67.08999999999963,13.000301680500002,0.0031973222630103963,False
2031-03-31 00:00:00,875000.0,874999.9999999991,874999.9999999991,0,0,68.9,52.18,65.89999999999873,13.000290789400026,0.0040359125991851225,False
2031-04-01 00:00:00,916667.0,916666.9999999992,916666.9999999992,0,0,65.53,50.47,62.529999999984966,13.000277786600009,0.004507795168334661,False
2031-04-02 00:00:00,750000.0,749999.9999999994,749999.9999999994,0,0,66.55,50.18,63.54999999999785,13.00028029400005,0.003615686968091493,False
2031-04-03 00:00:00,583333.0,583332.9999999995,583332.9999999995,0,0,65.95,50.45,62.949999999991405,13.000290548099997,0.0028450896059262964,False
2031-04-04 00:00:00,583333.0,583332.999999999,583332.999999999,0,0,66.97,51.35,63.969999999998095,13.000295339399997,0.00278963865299069,False
2031-04-05 00:00:00,916667.0,916666.9999999992,916666.9999999992,0,0,67.4,51.55,64.39999999999588,13.000274982999997,0.004348034600433563,False
2031-04-06 00:00:00,750000.0,749999.9999999992,749999.9999999992,0,0,66.69,51.08,63.689999999995734,13.000273656500042,0.003605964327691263,False
2031-04-07 00:00:00,625000.0,624999.9999999993,624999.9999999993,0,0,68.92,52.49,65.92000000000058,13.000280891399996,0.002881732593396722,False
2031-04-08 00:00:00,875000.0,874999.9999999991,874999.9999999991,0,0,66.17,51.2,63.16999999999774,13.000264472900028,0.004249412334097792,False
2031-04-09 00:00:00,791667.0,791666.9999999988,791666.9999999988,0,0,63.31,50.12,60.309999999999775,13.000257463600008,0.004071143807257337,False
2031-04-10 00:00:00,791667.0,791666.9999999991,791666.9999999991,0,0,62.56,49.59,59.55999999999722,13.000250767900013,0.0041351557714255395,False
2031-04-11 00:00:00,833333.0,833332.9999999988,833332.9999999988,0,0,63.07,49.83,60.070000000006075,13.000243247599997,0.004306737628132993,False
2031-04-12 00:00:00,750000.0,749999.9999999991,749999.9999999991,0,0,63.3,49.7,60.300000000000296,13.000242097700038,0.0038576649981181804,False
2031-04-13 00:00:00,833333.0,833332.9999999994,833332.9999999994,0,0,63.96,49.98,60.96000000000038,13.000235401600037,0.004228726578459881,False
2031-04-14 00:00:00,541667.0,541666.9999999994,541666.9999999994,0,0,63.63,49.26,60.62999999999482,13.000247452300016,0.0027672511600698936,False
2031-04-15 00:00:00,750000.0,749999.9999999998,749999.9999999998,0,0,62.13,49.68,59.12999999999926,13.000237615100048,0.003953176171674908,False
2031-04-16 00:00:00,666667.0,666666.9999999992,666666.9999999992,0,0,62.62,49.71,59.62000000000853,13.000237696300019,0.0034778570617641324,False
2031-04-17 00:00:00,916667.0,916666.9999999992,916666.9999999992,0,0,63.28,50.14,60.27999999999736,13.000223572700008,0.004716874799241656,False
2031-04-18 00:00:00,1000000.0,999999.9999999999,999999.9999999999,0,0,62.16,49.88,59.16000000001719,13.000210444400011,0.00526755823652679,False
2031-04-19 00:00:00,875000.0,874999.9999999991,874999.9999999991,0,0,63.08,50.17,60.07999999999902,13.000207581900042,0.004521135556797428,False
2031-04-20 00:00:00,666667.0,666666.9999999994,666666.9999999994,0,0,62.85,50.58,59.84999999999138,13.000213554900029,0.0034611822952950295,False
2031-04-21 00:00:00,666667.0,666666.9999999994,666666.9999999994,0,0,64.71,51.3,61.70999999999782,13.000216427800012,0.0033321702214082803,False
2031-04-22 00:00:00,1000000.0,999999.9999999986,999999.9999999986,0,0,66.47,51.84,63.47000000000463,13.000203335200013,0.00482835423497612,False
2031-04-23 00:00:00,1000000.0,999999.9999999995,999999.9999999995,0,0,65.01,50.72,62.009999999988,13.000194964100046,0.0049684285717916865,False
2031-04-24 00:00:00,916667.0,916666.9999999993,916666.9999999993,0,0,64.92,51.48,61.92000000000513,13.000191891700013,0.004562559784769529,False
2031-04-25 00:00:00,875000.0,874999.9999999988,874999.9999999988,0,0,63.8,50.82,60.79999999999649,13.000189247900039,0.004454660067689705,False
2031-04-26 00:00:00,1000000.0,1000000.0,1000000.0,0,0,62.35,49.71,59.35000000000531,13.000180553000007,0.005246461412566464,False
2031-04-27 00:00:00,625000.0,624999.9999999993,624999.9999999993,0,0,62.98,50.29,59.97999999998524,13.000190435600018,0.0032360879537455967,False
2031-04-28 00:00:00,625000.0,624999.9999999991,624999.9999999991,0,0,64.57,50.06,61.5700000000038,13.000195176900036,0.003132685595885019,False
2031-04-29 00:00:00,625000.0,624999.9999999993,624999.9999999993,0,0,65.24,50.36,62.23999999999336,13.000198008900043,0.0030911250523189848,False
2031-04-30 00:00:00,1000000.0,999999.9999999986,999999.9999999986,0,0,65.11,50.26,62.110000000005186,13.000183822600036,0.004958566450339197,False
